{
  "AC": {"state": "Acre", "code": 2, "city": "Rio Branco", "ddd": "68"},
  "AL": {"state": "Alagoas", "code": 4, "city": "Maceió", "ddd": "82"},
  "AM": {"state": "Amazonas", "code": 2, "city": "Manaus", "ddd": "92"},
  "AP": {"state": "Amapá", "code": 2, "city": "Macapá", "ddd": "96"},
  "BA": {"state": "Bahia", "code": 5, "city": "Salvador", "ddd": "71"},
  "CE": {"state": "Ceará", "code": 3, "city": "Fortaleza", "ddd": "85"},
  "DF": {"state": "Distrito Federal", "code": 1, "city": "Brasília", "ddd": "61"},
  "ES": {"state": "Espírito Santo", "code": 7, "city": "Vitória", "ddd": "27"},
  "GO": {"state": "Goiás", "code": 1, "city": "Goiânia", "ddd": "62"},
  "MA": {"state": "Maranhão", "code": 3, "city": "São Luís", "ddd": "98"},
  "MG": {"state": "Minas Gerais", "code": 6, "city": "Belo Horizonte", "ddd": "31"},
  "MS": {"state": "Mato Grosso do Sul", "code": 1, "city": "Campo Grande", "ddd": "67"},
  "MT": {"state": "Mato Grosso", "code": 1, "city": "Cuiabá", "ddd": "65"},
  "PA": {"state": "Pará", "code": 2, "city": "Belém", "ddd": "91"},
  "PB": {"state": "Paraíba", "code": 4, "city": "João Pessoa", "ddd": "83"},
  "PE": {"state": "Pernambuco", "code": 4, "city": "Recife", "ddd": "81"},
  "PI": {"state": "Piauí", "code": 3, "city": "Teresina", "ddd": "86"},
  "PR": {"state": "Paraná", "code": 9, "city": "Curitiba", "ddd": "41"},
  "RJ": {"state": "Rio de Janeiro", "code": 7, "city": "Rio de Janeiro", "ddd": "21"},
  "RN": {"state": "Rio Grande do Norte", "code": 4, "city": "Natal", "ddd": "84"},
  "RO": {"state": "Rondônia", "code": 2, "city": "Porto Velho", "ddd": "69"},
  "RR": {"state": "Roraima", "code": 2, "city": "Boa Vista", "ddd": "95"},
  "RS": {"state": "Rio Grande do Sul", "code": 0, "city": "Porto Alegre", "ddd": "51"},
  "SC": {"state": "Santa Catarina", "code": 9, "city": "Florianópolis", "ddd": "48"},
  "SE": {"state": "Sergipe", "code": 5, "city": "Aracaju", "ddd": "79"},
  "SP": {"state": "São Paulo", "code": 8, "city": "São Paulo", "ddd": "11"},
  "TO": {"state": "Tocantins", "code": 1, "city": "Palmas", "ddd": "63"}
}
